query,target_slide
http://www.free-powerpoint-templates-design.com free insert,1
insert the sub,1
sub title of,1
of your presentation,1
presentation coffee presentation,1
section break insert,3
infographic style 2016,4
2016 2015 2017,4
2017 2019 2018,4
example text :,5
: get a,5
a modern powerpoint,5
powerpoint presentation that,5
that is beautifully,5
beautifully designed. example,5
beautifully designed. meet,5
meet our team,5
team get a,5
simple worldmap presentation,6
presentation get a,6
beautifully designed. easy,6
easy to change,6
"change colors, photos",6
photos and text.,6
text. you can,6
can simply impress,6
impress your audience,6
audience and add,6
add a unique,6
unique zing and,6
and appeal to,6
to your presentations.,6
presentations. text here,6
here text here,6
here 40% 30%,6
30% 20% 10%,6
day begins coffee,8
coffee portfolio designed,8
designed we create,8
create quality professional,8
professional ppt presentation,8
infographic style you,10
you can simply,10
simply impress your,10
your audience and,10
and add a,10
a unique zing,10
zing and appeal,10
appeal to your,10
your presentations. easy,10
text. i hope,10
hope and i,10
i believe that,10
that this template,10
template will your,10
"your time, money",10
money and reputation.,10
reputation. i hope,10
reputation. arrow style,10
awesome slide lorem,14
lorem ipsum dolor,14
"dolor sit amet,",14
"amet, cu usu",14
usu agam integre,14
integre impedit. lorem,14
dolor sit amet,14
amet you can,14
presentations. you can,14
infographic style high,15
high quality infographic,15
infographic style 80%,16
time is my,17
infographic style 01,18
01 02 03,18
portfolio presentation simple,20
simple portfolio presentation,20
presentation you can,20
presentations. get a,20
reputation. easy to,20
"to change colors,",20
"colors, photos and",20
your reports and,21
and presentations with,21
with our templates.,21
templates. this text,21
text can be,21
be replaced with,21
with your own,21
own text. this,21
this text can,21
can be replaced,21
replaced with your,21
your own text.,21
text. get a,21
we create quality,23
quality professional ppt,23
ppt presentation no.1,23
no.1 presentation modern,23
modern powerpoint presentation,23
beautifully designed. i,23
i hope and,23
and i believe,23
believe that this,23
this template will,23
"will your time,",23
"time, money and",23
and reputation. easy,23
beautifully designed. you,23
your presentations. i,23
infographic style 50%,24
50% 15% 35%,24
35% 50% get,24
get a modern,24
presentation that is,24
is beautifully designed.,24
designed. you can,24
presentations. modern powerpoint,24
powerpoint presentation 25%,24
awesome presentation we,26
ppt presentation you,26
your presentations. get,26
designed. easy to,26
and text. i,26
text. coffee time,26
01 you can,27
presentations. easy to,27
"colors, photos. example",27
your presentations. 02,27
02 you can,27
your presentations. 03,27
03 you can,27
your presentations. 04,27
04 you can,27
infographic style coffee,28
coffee we create,28
presentation example text,28
text : get,28
designed. i hope,28
reputation. you can,28
we create professional,29
professional presentation lorem,29
"amet, power powerpoint",29
powerpoint presentation 2008,29
2008 ~ 2015,29
2015 text here,29
here example text,29
designed. 2016 ~,29
~ 2020 text,29
text here example,29
content here content,31
content here chart,31
chart title 80%,31
80% 60% 70%,31
70% infographic style,31
professional presentation designed,33
designed content here,33
here : i,33
will your time.,33
time. content here,33
time. allppt layout,33
layout clean text,33
text slide for,33
for your presentation,33
infographic style modern,34
presentation modern powerpoint,34
powerpoint presentation modern,34
presentations. 01 example,34
02 example text,34
infographic style example,35
and reputation. contents_here,35
contents_here 01 example,35
contents_here 02 example,35
contents_here 03 example,35
infographic style get,36
your time. 80%,36
80% text allppt,36
allppt layout clean,36
clean text slide,36
slide for your,36
infographic style contents,37
contents 40% contents,37
contents 60% contents,37
contents 50% contents,37
portfolio presentation you,39
beautifully designed. modern,39
modern portfolio presentation,39
your time. allppt,40
your presentation coffee,40
03 04 05,41
05 your contents,41
contents here your,41
your contents here,41
here your contents,41
01 easy to,42
and text. get,42
and text. you,42
and text. 02,42
02 easy to,42
and text. columns,42
columns layout allppt,42
columns layout this,43
this powerpoint template,43
template has clean,43
clean and neutral,43
neutral design that,43
that can be,43
be adapted to,43
to any content,43
content and meets,43
meets various market,43
thank you insert,44
fully editable shapes,45
fully editable icon,46
icon sets: a,46
icon sets: b,47
icon sets: c,48
http://www.free-powerpoint-templates-design.com free insert the,1
insert the sub title,1
sub title of your,1
of your presentation coffee,1
section break insert the,3
infographic style 2016 2015,4
2016 2015 2017 2019,4
example text : get,5
: get a modern,5
a modern powerpoint presentation,5
powerpoint presentation that is,5
that is beautifully designed.,5
beautifully designed. example text,5
beautifully designed. meet our,5
meet our team get,5
team get a modern,5
simple worldmap presentation get,6
presentation get a modern,6
beautifully designed. easy to,6
"easy to change colors,",6
"change colors, photos and",6
photos and text. you,6
text. you can simply,6
can simply impress your,6
impress your audience and,6
audience and add a,6
add a unique zing,6
unique zing and appeal,6
and appeal to your,6
to your presentations. text,6
presentations. text here text,6
here text here text,6
here text here 40%,6
here 40% 30% 20%,6
day begins coffee portfolio,8
coffee portfolio designed we,8
designed we create quality,8
create quality professional ppt,8
infographic style you can,10
you can simply impress,10
simply impress your audience,10
your audience and add,10
and add a unique,10
a unique zing and,10
zing and appeal to,10
appeal to your presentations.,10
your presentations. easy to,10
photos and text. i,10
text. i hope and,10
hope and i believe,10
i believe that this,10
that this template will,10
"template will your time,",10
"your time, money and",10
money and reputation. i,10
reputation. i hope and,10
money and reputation. arrow,10
reputation. arrow style infographic,10
awesome slide lorem ipsum,14
lorem ipsum dolor sit,14
"dolor sit amet, cu",14
"amet, cu usu agam",14
usu agam integre impedit.,14
integre impedit. lorem ipsum,14
dolor sit amet you,14
amet you can simply,14
to your presentations. you,14
presentations. you can simply,14
infographic style high quality,15
infographic style 80% 60%,16
time is my time,17
infographic style 01 02,18
01 02 03 04,18
portfolio presentation simple portfolio,20
simple portfolio presentation you,20
presentation you can simply,20
to your presentations. get,20
presentations. get a modern,20
money and reputation. easy,20
reputation. easy to change,20
"to change colors, photos",20
"colors, photos and text.",20
appeal to your reports,21
your reports and presentations,21
and presentations with our,21
with our templates. this,21
templates. this text can,21
text can be replaced,21
be replaced with your,21
with your own text.,21
own text. this text,21
this text can be,21
can be replaced with,21
replaced with your own,21
your own text. get,21
text. get a modern,21
appeal to your reports.,22
we create quality professional,23
quality professional ppt presentation,23
ppt presentation no.1 presentation,23
no.1 presentation modern powerpoint,23
modern powerpoint presentation get,23
beautifully designed. i hope,23
i hope and i,23
and i believe that,23
believe that this template,23
this template will your,23
"will your time, money",23
"time, money and reputation.",23
and reputation. easy to,23
photos and text. get,23
beautifully designed. you can,23
your presentations. i hope,23
infographic style 50% 15%,24
50% 15% 35% 50%,24
35% 50% get a,24
get a modern powerpoint,24
modern powerpoint presentation that,24
presentation that is beautifully,24
is beautifully designed. you,24
designed. you can simply,24
to your presentations. modern,24
presentations. modern powerpoint presentation,24
awesome presentation we create,26
ppt presentation you can,26
your presentations. get a,26
is beautifully designed. easy,26
designed. easy to change,26
and text. i hope,26
photos and text. coffee,26
infographic style 01 you,27
01 you can simply,27
to your presentations. easy,27
presentations. easy to change,27
"to change colors, photos.",27
"colors, photos. example text",27
your presentations. 02 you,27
02 you can simply,27
your presentations. 03 you,27
03 you can simply,27
your presentations. 04 you,27
04 you can simply,27
infographic style coffee we,28
coffee we create quality,28
professional ppt presentation example,28
presentation example text :,28
text : get a,28
is beautifully designed. i,28
designed. i hope and,28
money and reputation. you,28
reputation. you can simply,28
we create professional presentation,29
professional presentation lorem ipsum,29
"dolor sit amet, power",29
"amet, power powerpoint presentation",29
powerpoint presentation 2008 ~,29
2008 ~ 2015 text,29
2015 text here example,29
here example text :,29
is beautifully designed. 2016,29
designed. 2016 ~ 2020,29
~ 2020 text here,29
text here example text,29
that is beautifully designed,29
content here content here,31
content here chart title,31
chart title 80% 60%,31
80% 60% 70% infographic,31
professional presentation designed content,33
designed content here :,33
here : i hope,33
will your time. content,33
time. content here :,33
will your time. allppt,33
time. allppt layout clean,33
layout clean text slide,33
text slide for your,33
infographic style modern powerpoint,34
modern powerpoint presentation modern,34
presentation modern powerpoint presentation,34
powerpoint presentation modern powerpoint,34
modern powerpoint presentation example,34
to your presentations. 01,34
presentations. 01 example text,34
your presentations. 02 example,34
02 example text :,34
to your presentations. 03,34
infographic style example text,35
and reputation. contents_here 01,35
contents_here 01 example text,35
and reputation. contents_here 02,35
contents_here 02 example text,35
and reputation. contents_here 03,35
contents_here 03 example text,35
and reputation. contents_here 04,35
infographic style get a,36
template will your time.,36
your time. 80% text,36
80% text allppt layout,36
allppt layout clean text,36
clean text slide for,36
slide for your presentation,36
infographic style contents 40%,37
contents 40% contents 60%,37
contents 60% contents 50%,37
contents 50% contents 70%,37
infographic style contents title,38
portfolio presentation you can,39
beautifully designed. modern portfolio,39
your time. allppt layout,40
03 04 05 your,41
05 your contents here,41
contents here your contents,41
your contents here your,41
here your contents here,41
01 easy to change,42
and text. get a,42
and text. you can,42
and text. 02 easy,42
02 easy to change,42
and text. columns layout,42
columns layout allppt layout,42
columns layout this powerpoint,43
this powerpoint template has,43
template has clean and,43
clean and neutral design,43
neutral design that can,43
that can be adapted,43
be adapted to any,43
to any content and,43
content and meets various,43
meets various market segments.,43
thank you insert the,44
fully editable icon sets:,46
http://www.free-powerpoint-templates-design.com free insert the sub,1
insert the sub title of,1
sub title of your presentation,1
of your presentation coffee presentation,1
section break insert the sub,3
infographic style 2016 2015 2017,4
2016 2015 2017 2019 2018,4
example text : get a,5
: get a modern powerpoint,5
a modern powerpoint presentation that,5
powerpoint presentation that is beautifully,5
that is beautifully designed. example,5
beautifully designed. example text :,5
that is beautifully designed. meet,5
beautifully designed. meet our team,5
meet our team get a,5
team get a modern powerpoint,5
simple worldmap presentation get a,6
presentation get a modern powerpoint,6
that is beautifully designed. easy,6
beautifully designed. easy to change,6
"easy to change colors, photos",6
"change colors, photos and text.",6
photos and text. you can,6
text. you can simply impress,6
can simply impress your audience,6
impress your audience and add,6
audience and add a unique,6
add a unique zing and,6
unique zing and appeal to,6
and appeal to your presentations.,6
to your presentations. text here,6
presentations. text here text here,6
here text here text here,6
here text here 40% 30%,6
here 40% 30% 20% 10%,6
day begins coffee portfolio designed,8
coffee portfolio designed we create,8
designed we create quality professional,8
create quality professional ppt presentation,8
infographic style you can simply,10
you can simply impress your,10
simply impress your audience and,10
your audience and add a,10
and add a unique zing,10
a unique zing and appeal,10
zing and appeal to your,10
appeal to your presentations. easy,10
your presentations. easy to change,10
photos and text. i hope,10
text. i hope and i,10
hope and i believe that,10
i believe that this template,10
that this template will your,10
"template will your time, money",10
"your time, money and reputation.",10
money and reputation. i hope,10
reputation. i hope and i,10
money and reputation. arrow style,10
awesome slide lorem ipsum dolor,14
"lorem ipsum dolor sit amet,",14
"dolor sit amet, cu usu",14
"amet, cu usu agam integre",14
usu agam integre impedit. lorem,14
integre impedit. lorem ipsum dolor,14
lorem ipsum dolor sit amet,14
dolor sit amet you can,14
amet you can simply impress,14
to your presentations. you can,14
presentations. you can simply impress,14
infographic style high quality infographic,15
infographic style 01 02 03,18
portfolio presentation simple portfolio presentation,20
simple portfolio presentation you can,20
presentation you can simply impress,20
to your presentations. get a,20
presentations. get a modern powerpoint,20
money and reputation. easy to,20
"reputation. easy to change colors,",20
"to change colors, photos and",20
appeal to your reports and,21
your reports and presentations with,21
and presentations with our templates.,21
with our templates. this text,21
templates. this text can be,21
text can be replaced with,21
be replaced with your own,21
with your own text. this,21
own text. this text can,21
this text can be replaced,21
can be replaced with your,21
replaced with your own text.,21
your own text. get a,21
text. get a modern powerpoint,21
we create quality professional ppt,23
quality professional ppt presentation no.1,23
ppt presentation no.1 presentation modern,23
no.1 presentation modern powerpoint presentation,23
modern powerpoint presentation get a,23
that is beautifully designed. i,23
beautifully designed. i hope and,23
i hope and i believe,23
and i believe that this,23
believe that this template will,23
"this template will your time,",23
"will your time, money and",23
"time, money and reputation. easy",23
and reputation. easy to change,23
photos and text. get a,23
that is beautifully designed. you,23
beautifully designed. you can simply,23
appeal to your presentations. i,23
your presentations. i hope and,23
infographic style 50% 15% 35%,24
50% 15% 35% 50% get,24
35% 50% get a modern,24
get a modern powerpoint presentation,24
modern powerpoint presentation that is,24
presentation that is beautifully designed.,24
is beautifully designed. you can,24
designed. you can simply impress,24
to your presentations. modern powerpoint,24
presentations. modern powerpoint presentation 25%,24
awesome presentation we create quality,26
quality professional ppt presentation you,26
ppt presentation you can simply,26
appeal to your presentations. get,26
your presentations. get a modern,26
is beautifully designed. easy to,26
"designed. easy to change colors,",26
"colors, photos and text. i",26
and text. i hope and,26
photos and text. coffee time,26
infographic style 01 you can,27
01 you can simply impress,27
to your presentations. easy to,27
"presentations. easy to change colors,",27
"to change colors, photos. example",27
"colors, photos. example text :",27
appeal to your presentations. 02,27
your presentations. 02 you can,27
02 you can simply impress,27
appeal to your presentations. 03,27
your presentations. 03 you can,27
03 you can simply impress,27
appeal to your presentations. 04,27
your presentations. 04 you can,27
04 you can simply impress,27
infographic style coffee we create,28
coffee we create quality professional,28
professional ppt presentation example text,28
presentation example text : get,28
text : get a modern,28
is beautifully designed. i hope,28
designed. i hope and i,28
money and reputation. you can,28
reputation. you can simply impress,28
we create professional presentation lorem,29
professional presentation lorem ipsum dolor,29
"dolor sit amet, power powerpoint",29
"amet, power powerpoint presentation 2008",29
powerpoint presentation 2008 ~ 2015,29
2008 ~ 2015 text here,29
2015 text here example text,29
here example text : get,29
is beautifully designed. 2016 ~,29
designed. 2016 ~ 2020 text,29
~ 2020 text here example,29
text here example text :,29
content here content here chart,31
content here chart title 80%,31
chart title 80% 60% 70%,31
80% 60% 70% infographic style,31
we create professional presentation designed,33
professional presentation designed content here,33
designed content here : i,33
here : i hope and,33
this template will your time.,33
will your time. content here,33
time. content here : i,33
will your time. allppt layout,33
time. allppt layout clean text,33
layout clean text slide for,33
text slide for your presentation,33
infographic style modern powerpoint presentation,34
modern powerpoint presentation modern powerpoint,34
presentation modern powerpoint presentation modern,34
powerpoint presentation modern powerpoint presentation,34
modern powerpoint presentation example text,34
to your presentations. 01 example,34
presentations. 01 example text :,34
your presentations. 02 example text,34
02 example text : get,34
infographic style example text :,35
"time, money and reputation. contents_here",35
and reputation. contents_here 01 example,35
contents_here 01 example text :,35
and reputation. contents_here 02 example,35
contents_here 02 example text :,35
and reputation. contents_here 03 example,35
contents_here 03 example text :,35
infographic style get a modern,36
template will your time. 80%,36
your time. 80% text allppt,36
80% text allppt layout clean,36
allppt layout clean text slide,36
clean text slide for your,36
infographic style contents 40% contents,37
contents 40% contents 60% contents,37
contents 60% contents 50% contents,37
portfolio presentation you can simply,39
that is beautifully designed. modern,39
beautifully designed. modern portfolio presentation,39
template will your time. allppt,40
your time. allppt layout clean,40
slide for your presentation coffee,40
01 02 03 04 05,41
03 04 05 your contents,41
05 your contents here your,41
contents here your contents here,41
your contents here your contents,41
here your contents here your,41
"01 easy to change colors,",42
"colors, photos and text. get",42
and text. get a modern,42
"colors, photos and text. you",42
and text. you can simply,42
"colors, photos and text. 02",42
and text. 02 easy to,42
"02 easy to change colors,",42
"colors, photos and text. columns",42
and text. columns layout allppt,42
columns layout allppt layout clean,42
columns layout this powerpoint template,43
this powerpoint template has clean,43
template has clean and neutral,43
clean and neutral design that,43
neutral design that can be,43
that can be adapted to,43
be adapted to any content,43
to any content and meets,43
content and meets various market,43
thank you insert the sub,44
fully editable icon sets: a,46
fully editable icon sets: b,47
fully editable icon sets: c,48
http://www.free-powerpoint-templates-design.com free insert the sub title,1
insert the sub title of your,1
sub title of your presentation coffee,1
section break insert the sub title,3
infographic style 2016 2015 2017 2019,4
example text : get a modern,5
: get a modern powerpoint presentation,5
a modern powerpoint presentation that is,5
powerpoint presentation that is beautifully designed.,5
that is beautifully designed. example text,5
beautifully designed. example text : get,5
that is beautifully designed. meet our,5
beautifully designed. meet our team get,5
meet our team get a modern,5
team get a modern powerpoint presentation,5
simple worldmap presentation get a modern,6
presentation get a modern powerpoint presentation,6
that is beautifully designed. easy to,6
"beautifully designed. easy to change colors,",6
"easy to change colors, photos and",6
"change colors, photos and text. you",6
photos and text. you can simply,6
text. you can simply impress your,6
can simply impress your audience and,6
impress your audience and add a,6
audience and add a unique zing,6
add a unique zing and appeal,6
unique zing and appeal to your,6
and appeal to your presentations. text,6
to your presentations. text here text,6
presentations. text here text here text,6
here text here text here 40%,6
here text here 40% 30% 20%,6
day begins coffee portfolio designed we,8
coffee portfolio designed we create quality,8
designed we create quality professional ppt,8
infographic style you can simply impress,10
you can simply impress your audience,10
simply impress your audience and add,10
your audience and add a unique,10
and add a unique zing and,10
a unique zing and appeal to,10
zing and appeal to your presentations.,10
appeal to your presentations. easy to,10
"your presentations. easy to change colors,",10
"change colors, photos and text. i",10
photos and text. i hope and,10
text. i hope and i believe,10
hope and i believe that this,10
i believe that this template will,10
"that this template will your time,",10
"template will your time, money and",10
"your time, money and reputation. i",10
money and reputation. i hope and,10
reputation. i hope and i believe,10
"your time, money and reputation. arrow",10
money and reputation. arrow style infographic,10
awesome slide lorem ipsum dolor sit,14
"lorem ipsum dolor sit amet, cu",14
"dolor sit amet, cu usu agam",14
"amet, cu usu agam integre impedit.",14
usu agam integre impedit. lorem ipsum,14
integre impedit. lorem ipsum dolor sit,14
lorem ipsum dolor sit amet you,14
dolor sit amet you can simply,14
amet you can simply impress your,14
and appeal to your presentations. you,14
to your presentations. you can simply,14
presentations. you can simply impress your,14
infographic style 01 02 03 04,18
portfolio presentation simple portfolio presentation you,20
simple portfolio presentation you can simply,20
presentation you can simply impress your,20
and appeal to your presentations. get,20
to your presentations. get a modern,20
presentations. get a modern powerpoint presentation,20
"your time, money and reputation. easy",20
money and reputation. easy to change,20
"reputation. easy to change colors, photos",20
"to change colors, photos and text.",20
zing and appeal to your reports,21
appeal to your reports and presentations,21
your reports and presentations with our,21
and presentations with our templates. this,21
with our templates. this text can,21
templates. this text can be replaced,21
text can be replaced with your,21
be replaced with your own text.,21
with your own text. this text,21
own text. this text can be,21
this text can be replaced with,21
can be replaced with your own,21
replaced with your own text. get,21
your own text. get a modern,21
text. get a modern powerpoint presentation,21
zing and appeal to your reports.,22
we create quality professional ppt presentation,23
quality professional ppt presentation no.1 presentation,23
ppt presentation no.1 presentation modern powerpoint,23
no.1 presentation modern powerpoint presentation get,23
modern powerpoint presentation get a modern,23
that is beautifully designed. i hope,23
beautifully designed. i hope and i,23
i hope and i believe that,23
and i believe that this template,23
believe that this template will your,23
"this template will your time, money",23
"will your time, money and reputation.",23
"time, money and reputation. easy to",23
"and reputation. easy to change colors,",23
"change colors, photos and text. get",23
photos and text. get a modern,23
that is beautifully designed. you can,23
beautifully designed. you can simply impress,23
appeal to your presentations. i hope,23
your presentations. i hope and i,23
infographic style 50% 15% 35% 50%,24
50% 15% 35% 50% get a,24
35% 50% get a modern powerpoint,24
get a modern powerpoint presentation that,24
modern powerpoint presentation that is beautifully,24
presentation that is beautifully designed. you,24
is beautifully designed. you can simply,24
designed. you can simply impress your,24
and appeal to your presentations. modern,24
to your presentations. modern powerpoint presentation,24
awesome presentation we create quality professional,26
quality professional ppt presentation you can,26
ppt presentation you can simply impress,26
appeal to your presentations. get a,26
your presentations. get a modern powerpoint,26
presentation that is beautifully designed. easy,26
is beautifully designed. easy to change,26
"designed. easy to change colors, photos",26
"colors, photos and text. i hope",26
and text. i hope and i,26
"change colors, photos and text. coffee",26
infographic style 01 you can simply,27
01 you can simply impress your,27
and appeal to your presentations. easy,27
to your presentations. easy to change,27
"presentations. easy to change colors, photos.",27
"to change colors, photos. example text",27
"colors, photos. example text : get",27
appeal to your presentations. 02 you,27
your presentations. 02 you can simply,27
02 you can simply impress your,27
appeal to your presentations. 03 you,27
your presentations. 03 you can simply,27
03 you can simply impress your,27
appeal to your presentations. 04 you,27
your presentations. 04 you can simply,27
04 you can simply impress your,27
infographic style coffee we create quality,28
coffee we create quality professional ppt,28
create quality professional ppt presentation example,28
professional ppt presentation example text :,28
presentation example text : get a,28
text : get a modern powerpoint,28
presentation that is beautifully designed. i,28
is beautifully designed. i hope and,28
designed. i hope and i believe,28
"your time, money and reputation. you",28
money and reputation. you can simply,28
reputation. you can simply impress your,28
we create professional presentation lorem ipsum,29
professional presentation lorem ipsum dolor sit,29
"lorem ipsum dolor sit amet, power",29
"dolor sit amet, power powerpoint presentation",29
"amet, power powerpoint presentation 2008 ~",29
powerpoint presentation 2008 ~ 2015 text,29
2008 ~ 2015 text here example,29
2015 text here example text :,29
here example text : get a,29
presentation that is beautifully designed. 2016,29
is beautifully designed. 2016 ~ 2020,29
designed. 2016 ~ 2020 text here,29
~ 2020 text here example text,29
text here example text : get,29
powerpoint presentation that is beautifully designed,29
content here content here chart title,31
content here chart title 80% 60%,31
chart title 80% 60% 70% infographic,31
we create professional presentation designed content,33
professional presentation designed content here :,33
designed content here : i hope,33
here : i hope and i,33
this template will your time. content,33
will your time. content here :,33
time. content here : i hope,33
this template will your time. allppt,33
will your time. allppt layout clean,33
time. allppt layout clean text slide,33
layout clean text slide for your,33
infographic style modern powerpoint presentation modern,34
modern powerpoint presentation modern powerpoint presentation,34
presentation modern powerpoint presentation modern powerpoint,34
powerpoint presentation modern powerpoint presentation example,34
modern powerpoint presentation example text :,34
and appeal to your presentations. 01,34
to your presentations. 01 example text,34
presentations. 01 example text : get,34
appeal to your presentations. 02 example,34
your presentations. 02 example text :,34
02 example text : get a,34
and appeal to your presentations. 03,34
infographic style example text : get,35
"time, money and reputation. contents_here 01",35
and reputation. contents_here 01 example text,35
contents_here 01 example text : get,35
"time, money and reputation. contents_here 02",35
and reputation. contents_here 02 example text,35
contents_here 02 example text : get,35
"time, money and reputation. contents_here 03",35
and reputation. contents_here 03 example text,35
contents_here 03 example text : get,35
"time, money and reputation. contents_here 04",35
infographic style get a modern powerpoint,36
that this template will your time.,36
template will your time. 80% text,36
your time. 80% text allppt layout,36
80% text allppt layout clean text,36
allppt layout clean text slide for,36
clean text slide for your presentation,36
infographic style contents 40% contents 60%,37
contents 40% contents 60% contents 50%,37
contents 60% contents 50% contents 70%,37
portfolio presentation you can simply impress,39
that is beautifully designed. modern portfolio,39
template will your time. allppt layout,40
your time. allppt layout clean text,40
01 02 03 04 05 your,41
03 04 05 your contents here,41
05 your contents here your contents,41
contents here your contents here your,41
your contents here your contents here,41
here your contents here your contents,41
"01 easy to change colors, photos",42
"colors, photos and text. get a",42
and text. get a modern powerpoint,42
"colors, photos and text. you can",42
and text. you can simply impress,42
"colors, photos and text. 02 easy",42
and text. 02 easy to change,42
"02 easy to change colors, photos",42
"colors, photos and text. columns layout",42
and text. columns layout allppt layout,42
columns layout allppt layout clean text,42
columns layout this powerpoint template has,43
this powerpoint template has clean and,43
template has clean and neutral design,43
clean and neutral design that can,43
neutral design that can be adapted,43
that can be adapted to any,43
be adapted to any content and,43
to any content and meets various,43
content and meets various market segments.,43
thank you insert the sub title,44
http://www.free-powerpoint-templates-design.com free insert the sub title of,1
insert the sub title of your presentation,1
sub title of your presentation coffee presentation,1
section break insert the sub title of,3
infographic style 2016 2015 2017 2019 2018,4
example text : get a modern powerpoint,5
: get a modern powerpoint presentation that,5
a modern powerpoint presentation that is beautifully,5
powerpoint presentation that is beautifully designed. example,5
that is beautifully designed. example text :,5
beautifully designed. example text : get a,5
powerpoint presentation that is beautifully designed. meet,5
that is beautifully designed. meet our team,5
beautifully designed. meet our team get a,5
meet our team get a modern powerpoint,5
team get a modern powerpoint presentation that,5
simple worldmap presentation get a modern powerpoint,6
presentation get a modern powerpoint presentation that,6
powerpoint presentation that is beautifully designed. easy,6
that is beautifully designed. easy to change,6
"beautifully designed. easy to change colors, photos",6
"easy to change colors, photos and text.",6
"change colors, photos and text. you can",6
photos and text. you can simply impress,6
text. you can simply impress your audience,6
can simply impress your audience and add,6
impress your audience and add a unique,6
audience and add a unique zing and,6
add a unique zing and appeal to,6
unique zing and appeal to your presentations.,6
and appeal to your presentations. text here,6
to your presentations. text here text here,6
presentations. text here text here text here,6
here text here text here 40% 30%,6
here text here 40% 30% 20% 10%,6
day begins coffee portfolio designed we create,8
coffee portfolio designed we create quality professional,8
designed we create quality professional ppt presentation,8
infographic style you can simply impress your,10
you can simply impress your audience and,10
simply impress your audience and add a,10
your audience and add a unique zing,10
and add a unique zing and appeal,10
a unique zing and appeal to your,10
zing and appeal to your presentations. easy,10
appeal to your presentations. easy to change,10
"your presentations. easy to change colors, photos",10
"change colors, photos and text. i hope",10
photos and text. i hope and i,10
text. i hope and i believe that,10
hope and i believe that this template,10
i believe that this template will your,10
"that this template will your time, money",10
"template will your time, money and reputation.",10
"your time, money and reputation. i hope",10
money and reputation. i hope and i,10
reputation. i hope and i believe that,10
"your time, money and reputation. arrow style",10
"awesome slide lorem ipsum dolor sit amet,",14
"lorem ipsum dolor sit amet, cu usu",14
"dolor sit amet, cu usu agam integre",14
"amet, cu usu agam integre impedit. lorem",14
usu agam integre impedit. lorem ipsum dolor,14
integre impedit. lorem ipsum dolor sit amet,14
lorem ipsum dolor sit amet you can,14
dolor sit amet you can simply impress,14
amet you can simply impress your audience,14
and appeal to your presentations. you can,14
to your presentations. you can simply impress,14
presentations. you can simply impress your audience,14
portfolio presentation simple portfolio presentation you can,20
simple portfolio presentation you can simply impress,20
presentation you can simply impress your audience,20
and appeal to your presentations. get a,20
to your presentations. get a modern powerpoint,20
presentations. get a modern powerpoint presentation that,20
"your time, money and reputation. easy to",20
"money and reputation. easy to change colors,",20
"reputation. easy to change colors, photos and",20
zing and appeal to your reports and,21
appeal to your reports and presentations with,21
your reports and presentations with our templates.,21
and presentations with our templates. this text,21
with our templates. this text can be,21
templates. this text can be replaced with,21
text can be replaced with your own,21
be replaced with your own text. this,21
with your own text. this text can,21
own text. this text can be replaced,21
this text can be replaced with your,21
can be replaced with your own text.,21
replaced with your own text. get a,21
your own text. get a modern powerpoint,21
text. get a modern powerpoint presentation that,21
we create quality professional ppt presentation no.1,23
quality professional ppt presentation no.1 presentation modern,23
ppt presentation no.1 presentation modern powerpoint presentation,23
no.1 presentation modern powerpoint presentation get a,23
modern powerpoint presentation get a modern powerpoint,23
powerpoint presentation that is beautifully designed. i,23
that is beautifully designed. i hope and,23
beautifully designed. i hope and i believe,23
i hope and i believe that this,23
and i believe that this template will,23
"believe that this template will your time,",23
"this template will your time, money and",23
"will your time, money and reputation. easy",23
"time, money and reputation. easy to change",23
"and reputation. easy to change colors, photos",23
"change colors, photos and text. get a",23
photos and text. get a modern powerpoint,23
powerpoint presentation that is beautifully designed. you,23
that is beautifully designed. you can simply,23
beautifully designed. you can simply impress your,23
zing and appeal to your presentations. i,23
appeal to your presentations. i hope and,23
your presentations. i hope and i believe,23
infographic style 50% 15% 35% 50% get,24
50% 15% 35% 50% get a modern,24
35% 50% get a modern powerpoint presentation,24
get a modern powerpoint presentation that is,24
modern powerpoint presentation that is beautifully designed.,24
presentation that is beautifully designed. you can,24
is beautifully designed. you can simply impress,24
designed. you can simply impress your audience,24
and appeal to your presentations. modern powerpoint,24
to your presentations. modern powerpoint presentation 25%,24
awesome presentation we create quality professional ppt,26
we create quality professional ppt presentation you,26
quality professional ppt presentation you can simply,26
ppt presentation you can simply impress your,26
zing and appeal to your presentations. get,26
appeal to your presentations. get a modern,26
your presentations. get a modern powerpoint presentation,26
presentation that is beautifully designed. easy to,26
"is beautifully designed. easy to change colors,",26
"designed. easy to change colors, photos and",26
"to change colors, photos and text. i",26
"colors, photos and text. i hope and",26
and text. i hope and i believe,26
"change colors, photos and text. coffee time",26
infographic style 01 you can simply impress,27
01 you can simply impress your audience,27
and appeal to your presentations. easy to,27
"to your presentations. easy to change colors,",27
"presentations. easy to change colors, photos. example",27
"to change colors, photos. example text :",27
"colors, photos. example text : get a",27
zing and appeal to your presentations. 02,27
appeal to your presentations. 02 you can,27
your presentations. 02 you can simply impress,27
02 you can simply impress your audience,27
zing and appeal to your presentations. 03,27
appeal to your presentations. 03 you can,27
your presentations. 03 you can simply impress,27
03 you can simply impress your audience,27
zing and appeal to your presentations. 04,27
appeal to your presentations. 04 you can,27
your presentations. 04 you can simply impress,27
04 you can simply impress your audience,27
infographic style coffee we create quality professional,28
coffee we create quality professional ppt presentation,28
create quality professional ppt presentation example text,28
professional ppt presentation example text : get,28
presentation example text : get a modern,28
text : get a modern powerpoint presentation,28
presentation that is beautifully designed. i hope,28
is beautifully designed. i hope and i,28
designed. i hope and i believe that,28
"your time, money and reputation. you can",28
money and reputation. you can simply impress,28
reputation. you can simply impress your audience,28
we create professional presentation lorem ipsum dolor,29
"professional presentation lorem ipsum dolor sit amet,",29
"integre impedit. lorem ipsum dolor sit amet,",29
"lorem ipsum dolor sit amet, power powerpoint",29
"dolor sit amet, power powerpoint presentation 2008",29
"amet, power powerpoint presentation 2008 ~ 2015",29
powerpoint presentation 2008 ~ 2015 text here,29
2008 ~ 2015 text here example text,29
2015 text here example text : get,29
here example text : get a modern,29
presentation that is beautifully designed. 2016 ~,29
is beautifully designed. 2016 ~ 2020 text,29
designed. 2016 ~ 2020 text here example,29
~ 2020 text here example text :,29
text here example text : get a,29
content here content here chart title 80%,31
content here chart title 80% 60% 70%,31
chart title 80% 60% 70% infographic style,31
we create professional presentation designed content here,33
professional presentation designed content here : i,33
designed content here : i hope and,33
here : i hope and i believe,33
believe that this template will your time.,33
this template will your time. content here,33
will your time. content here : i,33
time. content here : i hope and,33
this template will your time. allppt layout,33
will your time. allppt layout clean text,33
time. allppt layout clean text slide for,33
layout clean text slide for your presentation,33
infographic style modern powerpoint presentation modern powerpoint,34
modern powerpoint presentation modern powerpoint presentation modern,34
presentation modern powerpoint presentation modern powerpoint presentation,34
powerpoint presentation modern powerpoint presentation example text,34
modern powerpoint presentation example text : get,34
and appeal to your presentations. 01 example,34
to your presentations. 01 example text :,34
presentations. 01 example text : get a,34
appeal to your presentations. 02 example text,34
your presentations. 02 example text : get,34
02 example text : get a modern,34
infographic style example text : get a,35
"will your time, money and reputation. contents_here",35
"time, money and reputation. contents_here 01 example",35
and reputation. contents_here 01 example text :,35
contents_here 01 example text : get a,35
"time, money and reputation. contents_here 02 example",35
and reputation. contents_here 02 example text :,35
contents_here 02 example text : get a,35
"time, money and reputation. contents_here 03 example",35
and reputation. contents_here 03 example text :,35
contents_here 03 example text : get a,35
infographic style get a modern powerpoint presentation,36
that this template will your time. 80%,36
template will your time. 80% text allppt,36
your time. 80% text allppt layout clean,36
80% text allppt layout clean text slide,36
allppt layout clean text slide for your,36
infographic style contents 40% contents 60% contents,37
contents 40% contents 60% contents 50% contents,37
portfolio presentation you can simply impress your,39
powerpoint presentation that is beautifully designed. modern,39
that is beautifully designed. modern portfolio presentation,39
that this template will your time. allppt,40
template will your time. allppt layout clean,40
your time. allppt layout clean text slide,40
clean text slide for your presentation coffee,40
infographic style 01 02 03 04 05,41
01 02 03 04 05 your contents,41
03 04 05 your contents here your,41
05 your contents here your contents here,41
contents here your contents here your contents,41
your contents here your contents here your,41
here your contents here your contents here,41
"01 easy to change colors, photos and",42
"to change colors, photos and text. get",42
"colors, photos and text. get a modern",42
and text. get a modern powerpoint presentation,42
"to change colors, photos and text. you",42
"colors, photos and text. you can simply",42
and text. you can simply impress your,42
"to change colors, photos and text. 02",42
"colors, photos and text. 02 easy to",42
"and text. 02 easy to change colors,",42
"02 easy to change colors, photos and",42
"to change colors, photos and text. columns",42
"colors, photos and text. columns layout allppt",42
and text. columns layout allppt layout clean,42
columns layout allppt layout clean text slide,42
columns layout this powerpoint template has clean,43
this powerpoint template has clean and neutral,43
template has clean and neutral design that,43
clean and neutral design that can be,43
neutral design that can be adapted to,43
that can be adapted to any content,43
be adapted to any content and meets,43
to any content and meets various market,43
thank you insert the sub title of,44
http://www.free-powerpoint-templates-design.com free insert the sub title of your,1
insert the sub title of your presentation coffee,1
section break insert the sub title of your,3
example text : get a modern powerpoint presentation,5
: get a modern powerpoint presentation that is,5
a modern powerpoint presentation that is beautifully designed.,5
powerpoint presentation that is beautifully designed. example text,5
that is beautifully designed. example text : get,5
beautifully designed. example text : get a modern,5
powerpoint presentation that is beautifully designed. meet our,5
that is beautifully designed. meet our team get,5
beautifully designed. meet our team get a modern,5
meet our team get a modern powerpoint presentation,5
team get a modern powerpoint presentation that is,5
simple worldmap presentation get a modern powerpoint presentation,6
presentation get a modern powerpoint presentation that is,6
powerpoint presentation that is beautifully designed. easy to,6
"that is beautifully designed. easy to change colors,",6
"beautifully designed. easy to change colors, photos and",6
"easy to change colors, photos and text. you",6
"change colors, photos and text. you can simply",6
photos and text. you can simply impress your,6
text. you can simply impress your audience and,6
can simply impress your audience and add a,6
impress your audience and add a unique zing,6
audience and add a unique zing and appeal,6
add a unique zing and appeal to your,6
unique zing and appeal to your presentations. text,6
and appeal to your presentations. text here text,6
to your presentations. text here text here text,6
presentations. text here text here text here 40%,6
here text here text here 40% 30% 20%,6
day begins coffee portfolio designed we create quality,8
coffee portfolio designed we create quality professional ppt,8
infographic style you can simply impress your audience,10
you can simply impress your audience and add,10
simply impress your audience and add a unique,10
your audience and add a unique zing and,10
and add a unique zing and appeal to,10
a unique zing and appeal to your presentations.,10
zing and appeal to your presentations. easy to,10
"appeal to your presentations. easy to change colors,",10
"your presentations. easy to change colors, photos and",10
"easy to change colors, photos and text. i",10
"change colors, photos and text. i hope and",10
photos and text. i hope and i believe,10
text. i hope and i believe that this,10
hope and i believe that this template will,10
"i believe that this template will your time,",10
"that this template will your time, money and",10
"template will your time, money and reputation. i",10
"your time, money and reputation. i hope and",10
money and reputation. i hope and i believe,10
reputation. i hope and i believe that this,10
"template will your time, money and reputation. arrow",10
"your time, money and reputation. arrow style infographic",10
"awesome slide lorem ipsum dolor sit amet, cu",14
"lorem ipsum dolor sit amet, cu usu agam",14
"dolor sit amet, cu usu agam integre impedit.",14
"amet, cu usu agam integre impedit. lorem ipsum",14
usu agam integre impedit. lorem ipsum dolor sit,14
integre impedit. lorem ipsum dolor sit amet you,14
lorem ipsum dolor sit amet you can simply,14
dolor sit amet you can simply impress your,14
amet you can simply impress your audience and,14
unique zing and appeal to your presentations. you,14
and appeal to your presentations. you can simply,14
to your presentations. you can simply impress your,14
presentations. you can simply impress your audience and,14
portfolio presentation simple portfolio presentation you can simply,20
simple portfolio presentation you can simply impress your,20
presentation you can simply impress your audience and,20
unique zing and appeal to your presentations. get,20
and appeal to your presentations. get a modern,20
to your presentations. get a modern powerpoint presentation,20
presentations. get a modern powerpoint presentation that is,20
"template will your time, money and reputation. easy",20
"your time, money and reputation. easy to change",20
"money and reputation. easy to change colors, photos",20
"reputation. easy to change colors, photos and text.",20
a unique zing and appeal to your reports,21
zing and appeal to your reports and presentations,21
appeal to your reports and presentations with our,21
your reports and presentations with our templates. this,21
and presentations with our templates. this text can,21
with our templates. this text can be replaced,21
templates. this text can be replaced with your,21
text can be replaced with your own text.,21
be replaced with your own text. this text,21
with your own text. this text can be,21
own text. this text can be replaced with,21
this text can be replaced with your own,21
can be replaced with your own text. get,21
replaced with your own text. get a modern,21
your own text. get a modern powerpoint presentation,21
text. get a modern powerpoint presentation that is,21
a unique zing and appeal to your reports.,22
we create quality professional ppt presentation no.1 presentation,23
quality professional ppt presentation no.1 presentation modern powerpoint,23
ppt presentation no.1 presentation modern powerpoint presentation get,23
no.1 presentation modern powerpoint presentation get a modern,23
modern powerpoint presentation get a modern powerpoint presentation,23
powerpoint presentation that is beautifully designed. i hope,23
that is beautifully designed. i hope and i,23
beautifully designed. i hope and i believe that,23
i hope and i believe that this template,23
and i believe that this template will your,23
"believe that this template will your time, money",23
"this template will your time, money and reputation.",23
"will your time, money and reputation. easy to",23
"time, money and reputation. easy to change colors,",23
"and reputation. easy to change colors, photos and",23
"easy to change colors, photos and text. get",23
"change colors, photos and text. get a modern",23
photos and text. get a modern powerpoint presentation,23
powerpoint presentation that is beautifully designed. you can,23
that is beautifully designed. you can simply impress,23
beautifully designed. you can simply impress your audience,23
zing and appeal to your presentations. i hope,23
appeal to your presentations. i hope and i,23
your presentations. i hope and i believe that,23
infographic style 50% 15% 35% 50% get a,24
50% 15% 35% 50% get a modern powerpoint,24
35% 50% get a modern powerpoint presentation that,24
get a modern powerpoint presentation that is beautifully,24
modern powerpoint presentation that is beautifully designed. you,24
presentation that is beautifully designed. you can simply,24
is beautifully designed. you can simply impress your,24
designed. you can simply impress your audience and,24
unique zing and appeal to your presentations. modern,24
and appeal to your presentations. modern powerpoint presentation,24
awesome presentation we create quality professional ppt presentation,26
we create quality professional ppt presentation you can,26
quality professional ppt presentation you can simply impress,26
ppt presentation you can simply impress your audience,26
zing and appeal to your presentations. get a,26
appeal to your presentations. get a modern powerpoint,26
your presentations. get a modern powerpoint presentation that,26
modern powerpoint presentation that is beautifully designed. easy,26
presentation that is beautifully designed. easy to change,26
"is beautifully designed. easy to change colors, photos",26
"designed. easy to change colors, photos and text.",26
"to change colors, photos and text. i hope",26
"colors, photos and text. i hope and i",26
and text. i hope and i believe that,26
"easy to change colors, photos and text. coffee",26
infographic style 01 you can simply impress your,27
01 you can simply impress your audience and,27
unique zing and appeal to your presentations. easy,27
and appeal to your presentations. easy to change,27
"to your presentations. easy to change colors, photos.",27
"presentations. easy to change colors, photos. example text",27
"to change colors, photos. example text : get",27
"colors, photos. example text : get a modern",27
zing and appeal to your presentations. 02 you,27
appeal to your presentations. 02 you can simply,27
your presentations. 02 you can simply impress your,27
02 you can simply impress your audience and,27
zing and appeal to your presentations. 03 you,27
appeal to your presentations. 03 you can simply,27
your presentations. 03 you can simply impress your,27
03 you can simply impress your audience and,27
zing and appeal to your presentations. 04 you,27
appeal to your presentations. 04 you can simply,27
your presentations. 04 you can simply impress your,27
04 you can simply impress your audience and,27
infographic style coffee we create quality professional ppt,28
coffee we create quality professional ppt presentation example,28
create quality professional ppt presentation example text :,28
professional ppt presentation example text : get a,28
presentation example text : get a modern powerpoint,28
text : get a modern powerpoint presentation that,28
modern powerpoint presentation that is beautifully designed. i,28
presentation that is beautifully designed. i hope and,28
is beautifully designed. i hope and i believe,28
designed. i hope and i believe that this,28
"template will your time, money and reputation. you",28
"your time, money and reputation. you can simply",28
money and reputation. you can simply impress your,28
reputation. you can simply impress your audience and,28
we create professional presentation lorem ipsum dolor sit,29
"professional presentation lorem ipsum dolor sit amet, cu",29
"integre impedit. lorem ipsum dolor sit amet, power",29
"lorem ipsum dolor sit amet, power powerpoint presentation",29
"dolor sit amet, power powerpoint presentation 2008 ~",29
"amet, power powerpoint presentation 2008 ~ 2015 text",29
powerpoint presentation 2008 ~ 2015 text here example,29
2008 ~ 2015 text here example text :,29
2015 text here example text : get a,29
here example text : get a modern powerpoint,29
modern powerpoint presentation that is beautifully designed. 2016,29
presentation that is beautifully designed. 2016 ~ 2020,29
is beautifully designed. 2016 ~ 2020 text here,29
designed. 2016 ~ 2020 text here example text,29
~ 2020 text here example text : get,29
text here example text : get a modern,29
a modern powerpoint presentation that is beautifully designed,29
content here content here chart title 80% 60%,31
content here chart title 80% 60% 70% infographic,31
we create professional presentation designed content here :,33
professional presentation designed content here : i hope,33
designed content here : i hope and i,33
here : i hope and i believe that,33
believe that this template will your time. content,33
this template will your time. content here :,33
will your time. content here : i hope,33
time. content here : i hope and i,33
believe that this template will your time. allppt,33
this template will your time. allppt layout clean,33
will your time. allppt layout clean text slide,33
time. allppt layout clean text slide for your,33
infographic style modern powerpoint presentation modern powerpoint presentation,34
modern powerpoint presentation modern powerpoint presentation modern powerpoint,34
presentation modern powerpoint presentation modern powerpoint presentation example,34
powerpoint presentation modern powerpoint presentation example text :,34
modern powerpoint presentation example text : get a,34
unique zing and appeal to your presentations. 01,34
and appeal to your presentations. 01 example text,34
to your presentations. 01 example text : get,34
presentations. 01 example text : get a modern,34
zing and appeal to your presentations. 02 example,34
appeal to your presentations. 02 example text :,34
your presentations. 02 example text : get a,34
02 example text : get a modern powerpoint,34
unique zing and appeal to your presentations. 03,34
infographic style example text : get a modern,35
"will your time, money and reputation. contents_here 01",35
"time, money and reputation. contents_here 01 example text",35
and reputation. contents_here 01 example text : get,35
contents_here 01 example text : get a modern,35
"will your time, money and reputation. contents_here 02",35
"time, money and reputation. contents_here 02 example text",35
and reputation. contents_here 02 example text : get,35
contents_here 02 example text : get a modern,35
"will your time, money and reputation. contents_here 03",35
"time, money and reputation. contents_here 03 example text",35
and reputation. contents_here 03 example text : get,35
contents_here 03 example text : get a modern,35
"will your time, money and reputation. contents_here 04",35
infographic style get a modern powerpoint presentation that,36
i believe that this template will your time.,36
that this template will your time. 80% text,36
template will your time. 80% text allppt layout,36
your time. 80% text allppt layout clean text,36
80% text allppt layout clean text slide for,36
allppt layout clean text slide for your presentation,36
infographic style contents 40% contents 60% contents 50%,37
contents 40% contents 60% contents 50% contents 70%,37
portfolio presentation you can simply impress your audience,39
powerpoint presentation that is beautifully designed. modern portfolio,39
that this template will your time. allppt layout,40
template will your time. allppt layout clean text,40
your time. allppt layout clean text slide for,40
infographic style 01 02 03 04 05 your,41
01 02 03 04 05 your contents here,41
03 04 05 your contents here your contents,41
05 your contents here your contents here your,41
contents here your contents here your contents here,41
your contents here your contents here your contents,41
here your contents here your contents here your,41
"01 easy to change colors, photos and text.",42
"to change colors, photos and text. get a",42
"colors, photos and text. get a modern powerpoint",42
and text. get a modern powerpoint presentation that,42
"to change colors, photos and text. you can",42
"colors, photos and text. you can simply impress",42
and text. you can simply impress your audience,42
"to change colors, photos and text. 02 easy",42
"colors, photos and text. 02 easy to change",42
"and text. 02 easy to change colors, photos",42
"02 easy to change colors, photos and text.",42
"to change colors, photos and text. columns layout",42
"colors, photos and text. columns layout allppt layout",42
and text. columns layout allppt layout clean text,42
columns layout allppt layout clean text slide for,42
columns layout this powerpoint template has clean and,43
this powerpoint template has clean and neutral design,43
template has clean and neutral design that can,43
clean and neutral design that can be adapted,43
neutral design that can be adapted to any,43
that can be adapted to any content and,43
be adapted to any content and meets various,43
to any content and meets various market segments.,43
thank you insert the sub title of your,44
http://www.free-powerpoint-templates-design.com free insert the sub title of your presentation,1
insert the sub title of your presentation coffee presentation,1
section break insert the sub title of your presentation,3
example text : get a modern powerpoint presentation that,5
: get a modern powerpoint presentation that is beautifully,5
a modern powerpoint presentation that is beautifully designed. example,5
powerpoint presentation that is beautifully designed. example text :,5
that is beautifully designed. example text : get a,5
beautifully designed. example text : get a modern powerpoint,5
a modern powerpoint presentation that is beautifully designed. meet,5
powerpoint presentation that is beautifully designed. meet our team,5
that is beautifully designed. meet our team get a,5
beautifully designed. meet our team get a modern powerpoint,5
meet our team get a modern powerpoint presentation that,5
team get a modern powerpoint presentation that is beautifully,5
simple worldmap presentation get a modern powerpoint presentation that,6
presentation get a modern powerpoint presentation that is beautifully,6
a modern powerpoint presentation that is beautifully designed. easy,6
powerpoint presentation that is beautifully designed. easy to change,6
"that is beautifully designed. easy to change colors, photos",6
"beautifully designed. easy to change colors, photos and text.",6
"easy to change colors, photos and text. you can",6
"change colors, photos and text. you can simply impress",6
photos and text. you can simply impress your audience,6
text. you can simply impress your audience and add,6
can simply impress your audience and add a unique,6
impress your audience and add a unique zing and,6
audience and add a unique zing and appeal to,6
add a unique zing and appeal to your presentations.,6
unique zing and appeal to your presentations. text here,6
and appeal to your presentations. text here text here,6
to your presentations. text here text here text here,6
presentations. text here text here text here 40% 30%,6
here text here text here 40% 30% 20% 10%,6
day begins coffee portfolio designed we create quality professional,8
coffee portfolio designed we create quality professional ppt presentation,8
infographic style you can simply impress your audience and,10
you can simply impress your audience and add a,10
simply impress your audience and add a unique zing,10
your audience and add a unique zing and appeal,10
and add a unique zing and appeal to your,10
a unique zing and appeal to your presentations. easy,10
zing and appeal to your presentations. easy to change,10
"appeal to your presentations. easy to change colors, photos",10
"your presentations. easy to change colors, photos and text.",10
"easy to change colors, photos and text. i hope",10
"change colors, photos and text. i hope and i",10
photos and text. i hope and i believe that,10
text. i hope and i believe that this template,10
hope and i believe that this template will your,10
"i believe that this template will your time, money",10
"that this template will your time, money and reputation.",10
"template will your time, money and reputation. i hope",10
"your time, money and reputation. i hope and i",10
money and reputation. i hope and i believe that,10
reputation. i hope and i believe that this template,10
"template will your time, money and reputation. arrow style",10
"awesome slide lorem ipsum dolor sit amet, cu usu",14
"lorem ipsum dolor sit amet, cu usu agam integre",14
"dolor sit amet, cu usu agam integre impedit. lorem",14
"amet, cu usu agam integre impedit. lorem ipsum dolor",14
usu agam integre impedit. lorem ipsum dolor sit amet,14
integre impedit. lorem ipsum dolor sit amet you can,14
lorem ipsum dolor sit amet you can simply impress,14
dolor sit amet you can simply impress your audience,14
amet you can simply impress your audience and add,14
unique zing and appeal to your presentations. you can,14
and appeal to your presentations. you can simply impress,14
to your presentations. you can simply impress your audience,14
presentations. you can simply impress your audience and add,14
portfolio presentation simple portfolio presentation you can simply impress,20
simple portfolio presentation you can simply impress your audience,20
presentation you can simply impress your audience and add,20
unique zing and appeal to your presentations. get a,20
and appeal to your presentations. get a modern powerpoint,20
to your presentations. get a modern powerpoint presentation that,20
presentations. get a modern powerpoint presentation that is beautifully,20
"template will your time, money and reputation. easy to",20
"your time, money and reputation. easy to change colors,",20
"money and reputation. easy to change colors, photos and",20
a unique zing and appeal to your reports and,21
zing and appeal to your reports and presentations with,21
appeal to your reports and presentations with our templates.,21
your reports and presentations with our templates. this text,21
and presentations with our templates. this text can be,21
with our templates. this text can be replaced with,21
templates. this text can be replaced with your own,21
text can be replaced with your own text. this,21
be replaced with your own text. this text can,21
with your own text. this text can be replaced,21
own text. this text can be replaced with your,21
this text can be replaced with your own text.,21
can be replaced with your own text. get a,21
replaced with your own text. get a modern powerpoint,21
your own text. get a modern powerpoint presentation that,21
text. get a modern powerpoint presentation that is beautifully,21
we create quality professional ppt presentation no.1 presentation modern,23
quality professional ppt presentation no.1 presentation modern powerpoint presentation,23
ppt presentation no.1 presentation modern powerpoint presentation get a,23
no.1 presentation modern powerpoint presentation get a modern powerpoint,23
modern powerpoint presentation get a modern powerpoint presentation that,23
a modern powerpoint presentation that is beautifully designed. i,23
powerpoint presentation that is beautifully designed. i hope and,23
that is beautifully designed. i hope and i believe,23
beautifully designed. i hope and i believe that this,23
i hope and i believe that this template will,23
"and i believe that this template will your time,",23
"believe that this template will your time, money and",23
"this template will your time, money and reputation. easy",23
"will your time, money and reputation. easy to change",23
"time, money and reputation. easy to change colors, photos",23
"and reputation. easy to change colors, photos and text.",23
"easy to change colors, photos and text. get a",23
"change colors, photos and text. get a modern powerpoint",23
photos and text. get a modern powerpoint presentation that,23
a modern powerpoint presentation that is beautifully designed. you,23
powerpoint presentation that is beautifully designed. you can simply,23
that is beautifully designed. you can simply impress your,23
beautifully designed. you can simply impress your audience and,23
a unique zing and appeal to your presentations. i,23
zing and appeal to your presentations. i hope and,23
appeal to your presentations. i hope and i believe,23
your presentations. i hope and i believe that this,23
infographic style 50% 15% 35% 50% get a modern,24
50% 15% 35% 50% get a modern powerpoint presentation,24
35% 50% get a modern powerpoint presentation that is,24
get a modern powerpoint presentation that is beautifully designed.,24
modern powerpoint presentation that is beautifully designed. you can,24
presentation that is beautifully designed. you can simply impress,24
is beautifully designed. you can simply impress your audience,24
designed. you can simply impress your audience and add,24
unique zing and appeal to your presentations. modern powerpoint,24
and appeal to your presentations. modern powerpoint presentation 25%,24
awesome presentation we create quality professional ppt presentation you,26
we create quality professional ppt presentation you can simply,26
quality professional ppt presentation you can simply impress your,26
ppt presentation you can simply impress your audience and,26
a unique zing and appeal to your presentations. get,26
zing and appeal to your presentations. get a modern,26
appeal to your presentations. get a modern powerpoint presentation,26
your presentations. get a modern powerpoint presentation that is,26
modern powerpoint presentation that is beautifully designed. easy to,26
"presentation that is beautifully designed. easy to change colors,",26
"is beautifully designed. easy to change colors, photos and",26
"designed. easy to change colors, photos and text. i",26
"to change colors, photos and text. i hope and",26
"colors, photos and text. i hope and i believe",26
and text. i hope and i believe that this,26
"easy to change colors, photos and text. coffee time",26
infographic style 01 you can simply impress your audience,27
01 you can simply impress your audience and add,27
unique zing and appeal to your presentations. easy to,27
"and appeal to your presentations. easy to change colors,",27
"to your presentations. easy to change colors, photos. example",27
"presentations. easy to change colors, photos. example text :",27
"to change colors, photos. example text : get a",27
"colors, photos. example text : get a modern powerpoint",27
a unique zing and appeal to your presentations. 02,27
zing and appeal to your presentations. 02 you can,27
appeal to your presentations. 02 you can simply impress,27
your presentations. 02 you can simply impress your audience,27
02 you can simply impress your audience and add,27
a unique zing and appeal to your presentations. 03,27
zing and appeal to your presentations. 03 you can,27
appeal to your presentations. 03 you can simply impress,27
your presentations. 03 you can simply impress your audience,27
03 you can simply impress your audience and add,27
a unique zing and appeal to your presentations. 04,27
zing and appeal to your presentations. 04 you can,27
appeal to your presentations. 04 you can simply impress,27
your presentations. 04 you can simply impress your audience,27
04 you can simply impress your audience and add,27
infographic style coffee we create quality professional ppt presentation,28
coffee we create quality professional ppt presentation example text,28
create quality professional ppt presentation example text : get,28
professional ppt presentation example text : get a modern,28
presentation example text : get a modern powerpoint presentation,28
text : get a modern powerpoint presentation that is,28
modern powerpoint presentation that is beautifully designed. i hope,28
presentation that is beautifully designed. i hope and i,28
is beautifully designed. i hope and i believe that,28
designed. i hope and i believe that this template,28
"template will your time, money and reputation. you can",28
"your time, money and reputation. you can simply impress",28
money and reputation. you can simply impress your audience,28
reputation. you can simply impress your audience and add,28
"we create professional presentation lorem ipsum dolor sit amet,",29
"professional presentation lorem ipsum dolor sit amet, cu usu",29
"usu agam integre impedit. lorem ipsum dolor sit amet,",29
"integre impedit. lorem ipsum dolor sit amet, power powerpoint",29
"lorem ipsum dolor sit amet, power powerpoint presentation 2008",29
"dolor sit amet, power powerpoint presentation 2008 ~ 2015",29
"amet, power powerpoint presentation 2008 ~ 2015 text here",29
powerpoint presentation 2008 ~ 2015 text here example text,29
2008 ~ 2015 text here example text : get,29
2015 text here example text : get a modern,29
here example text : get a modern powerpoint presentation,29
modern powerpoint presentation that is beautifully designed. 2016 ~,29
presentation that is beautifully designed. 2016 ~ 2020 text,29
is beautifully designed. 2016 ~ 2020 text here example,29
designed. 2016 ~ 2020 text here example text :,29
~ 2020 text here example text : get a,29
text here example text : get a modern powerpoint,29
content here content here chart title 80% 60% 70%,31
content here chart title 80% 60% 70% infographic style,31
we create professional presentation designed content here : i,33
professional presentation designed content here : i hope and,33
designed content here : i hope and i believe,33
here : i hope and i believe that this,33
and i believe that this template will your time.,33
believe that this template will your time. content here,33
this template will your time. content here : i,33
will your time. content here : i hope and,33
time. content here : i hope and i believe,33
believe that this template will your time. allppt layout,33
this template will your time. allppt layout clean text,33
will your time. allppt layout clean text slide for,33
time. allppt layout clean text slide for your presentation,33
infographic style modern powerpoint presentation modern powerpoint presentation modern,34
modern powerpoint presentation modern powerpoint presentation modern powerpoint presentation,34
presentation modern powerpoint presentation modern powerpoint presentation example text,34
powerpoint presentation modern powerpoint presentation example text : get,34
modern powerpoint presentation example text : get a modern,34
unique zing and appeal to your presentations. 01 example,34
and appeal to your presentations. 01 example text :,34
to your presentations. 01 example text : get a,34
presentations. 01 example text : get a modern powerpoint,34
zing and appeal to your presentations. 02 example text,34
appeal to your presentations. 02 example text : get,34
your presentations. 02 example text : get a modern,34
02 example text : get a modern powerpoint presentation,34
infographic style example text : get a modern powerpoint,35
"this template will your time, money and reputation. contents_here",35
"will your time, money and reputation. contents_here 01 example",35
"time, money and reputation. contents_here 01 example text :",35
and reputation. contents_here 01 example text : get a,35
contents_here 01 example text : get a modern powerpoint,35
"will your time, money and reputation. contents_here 02 example",35
"time, money and reputation. contents_here 02 example text :",35
and reputation. contents_here 02 example text : get a,35
contents_here 02 example text : get a modern powerpoint,35
"will your time, money and reputation. contents_here 03 example",35
"time, money and reputation. contents_here 03 example text :",35
and reputation. contents_here 03 example text : get a,35
contents_here 03 example text : get a modern powerpoint,35
infographic style get a modern powerpoint presentation that is,36
i believe that this template will your time. 80%,36
that this template will your time. 80% text allppt,36
template will your time. 80% text allppt layout clean,36
your time. 80% text allppt layout clean text slide,36
80% text allppt layout clean text slide for your,36
infographic style contents 40% contents 60% contents 50% contents,37
portfolio presentation you can simply impress your audience and,39
a modern powerpoint presentation that is beautifully designed. modern,39
powerpoint presentation that is beautifully designed. modern portfolio presentation,39
i believe that this template will your time. allppt,40
that this template will your time. allppt layout clean,40
template will your time. allppt layout clean text slide,40
your time. allppt layout clean text slide for your,40
allppt layout clean text slide for your presentation coffee,40
infographic style 01 02 03 04 05 your contents,41
01 02 03 04 05 your contents here your,41
03 04 05 your contents here your contents here,41
05 your contents here your contents here your contents,41
contents here your contents here your contents here your,41
your contents here your contents here your contents here,41
here your contents here your contents here your contents,41
"01 easy to change colors, photos and text. get",42
"to change colors, photos and text. get a modern",42
"colors, photos and text. get a modern powerpoint presentation",42
and text. get a modern powerpoint presentation that is,42
"reputation. easy to change colors, photos and text. you",42
"to change colors, photos and text. you can simply",42
"colors, photos and text. you can simply impress your",42
and text. you can simply impress your audience and,42
"designed. easy to change colors, photos and text. 02",42
"to change colors, photos and text. 02 easy to",42
"colors, photos and text. 02 easy to change colors,",42
"and text. 02 easy to change colors, photos and",42
"02 easy to change colors, photos and text. get",42
"designed. easy to change colors, photos and text. columns",42
"to change colors, photos and text. columns layout allppt",42
"colors, photos and text. columns layout allppt layout clean",42
and text. columns layout allppt layout clean text slide,42
columns layout allppt layout clean text slide for your,42
columns layout this powerpoint template has clean and neutral,43
this powerpoint template has clean and neutral design that,43
template has clean and neutral design that can be,43
clean and neutral design that can be adapted to,43
neutral design that can be adapted to any content,43
that can be adapted to any content and meets,43
be adapted to any content and meets various market,43
thank you insert the sub title of your presentation,44
http://www.free-powerpoint-templates-design.com free insert the sub title of your presentation coffee,1
example text : get a modern powerpoint presentation that is,5
: get a modern powerpoint presentation that is beautifully designed.,5
a modern powerpoint presentation that is beautifully designed. example text,5
powerpoint presentation that is beautifully designed. example text : get,5
that is beautifully designed. example text : get a modern,5
beautifully designed. example text : get a modern powerpoint presentation,5
a modern powerpoint presentation that is beautifully designed. meet our,5
powerpoint presentation that is beautifully designed. meet our team get,5
that is beautifully designed. meet our team get a modern,5
beautifully designed. meet our team get a modern powerpoint presentation,5
meet our team get a modern powerpoint presentation that is,5
team get a modern powerpoint presentation that is beautifully designed.,5
simple worldmap presentation get a modern powerpoint presentation that is,6
presentation get a modern powerpoint presentation that is beautifully designed.,6
a modern powerpoint presentation that is beautifully designed. easy to,6
"powerpoint presentation that is beautifully designed. easy to change colors,",6
"that is beautifully designed. easy to change colors, photos and",6
"beautifully designed. easy to change colors, photos and text. you",6
"easy to change colors, photos and text. you can simply",6
"change colors, photos and text. you can simply impress your",6
photos and text. you can simply impress your audience and,6
text. you can simply impress your audience and add a,6
can simply impress your audience and add a unique zing,6
impress your audience and add a unique zing and appeal,6
audience and add a unique zing and appeal to your,6
add a unique zing and appeal to your presentations. text,6
unique zing and appeal to your presentations. text here text,6
and appeal to your presentations. text here text here text,6
to your presentations. text here text here text here 40%,6
presentations. text here text here text here 40% 30% 20%,6
day begins coffee portfolio designed we create quality professional ppt,8
infographic style you can simply impress your audience and add,10
you can simply impress your audience and add a unique,10
simply impress your audience and add a unique zing and,10
your audience and add a unique zing and appeal to,10
and add a unique zing and appeal to your presentations.,10
a unique zing and appeal to your presentations. easy to,10
"zing and appeal to your presentations. easy to change colors,",10
"appeal to your presentations. easy to change colors, photos and",10
"your presentations. easy to change colors, photos and text. i",10
"easy to change colors, photos and text. i hope and",10
"change colors, photos and text. i hope and i believe",10
photos and text. i hope and i believe that this,10
text. i hope and i believe that this template will,10
"hope and i believe that this template will your time,",10
"i believe that this template will your time, money and",10
"that this template will your time, money and reputation. i",10
"template will your time, money and reputation. i hope and",10
"your time, money and reputation. i hope and i believe",10
money and reputation. i hope and i believe that this,10
reputation. i hope and i believe that this template will,10
"that this template will your time, money and reputation. arrow",10
"template will your time, money and reputation. arrow style infographic",10
"awesome slide lorem ipsum dolor sit amet, cu usu agam",14
"lorem ipsum dolor sit amet, cu usu agam integre impedit.",14
"dolor sit amet, cu usu agam integre impedit. lorem ipsum",14
"amet, cu usu agam integre impedit. lorem ipsum dolor sit",14
usu agam integre impedit. lorem ipsum dolor sit amet you,14
integre impedit. lorem ipsum dolor sit amet you can simply,14
lorem ipsum dolor sit amet you can simply impress your,14
dolor sit amet you can simply impress your audience and,14
amet you can simply impress your audience and add a,14
add a unique zing and appeal to your presentations. you,14
unique zing and appeal to your presentations. you can simply,14
and appeal to your presentations. you can simply impress your,14
to your presentations. you can simply impress your audience and,14
presentations. you can simply impress your audience and add a,14
portfolio presentation simple portfolio presentation you can simply impress your,20
simple portfolio presentation you can simply impress your audience and,20
presentation you can simply impress your audience and add a,20
add a unique zing and appeal to your presentations. get,20
unique zing and appeal to your presentations. get a modern,20
and appeal to your presentations. get a modern powerpoint presentation,20
to your presentations. get a modern powerpoint presentation that is,20
presentations. get a modern powerpoint presentation that is beautifully designed.,20
"beautifully designed. easy to change colors, photos and text. i",20
"that this template will your time, money and reputation. easy",20
"template will your time, money and reputation. easy to change",20
"your time, money and reputation. easy to change colors, photos",20
"money and reputation. easy to change colors, photos and text.",20
and add a unique zing and appeal to your reports,21
a unique zing and appeal to your reports and presentations,21
zing and appeal to your reports and presentations with our,21
appeal to your reports and presentations with our templates. this,21
your reports and presentations with our templates. this text can,21
and presentations with our templates. this text can be replaced,21
with our templates. this text can be replaced with your,21
templates. this text can be replaced with your own text.,21
text can be replaced with your own text. this text,21
be replaced with your own text. this text can be,21
with your own text. this text can be replaced with,21
own text. this text can be replaced with your own,21
this text can be replaced with your own text. get,21
can be replaced with your own text. get a modern,21
replaced with your own text. get a modern powerpoint presentation,21
your own text. get a modern powerpoint presentation that is,21
text. get a modern powerpoint presentation that is beautifully designed.,21
and add a unique zing and appeal to your reports.,22
we create quality professional ppt presentation no.1 presentation modern powerpoint,23
quality professional ppt presentation no.1 presentation modern powerpoint presentation get,23
ppt presentation no.1 presentation modern powerpoint presentation get a modern,23
no.1 presentation modern powerpoint presentation get a modern powerpoint presentation,23
modern powerpoint presentation get a modern powerpoint presentation that is,23
a modern powerpoint presentation that is beautifully designed. i hope,23
powerpoint presentation that is beautifully designed. i hope and i,23
that is beautifully designed. i hope and i believe that,23
beautifully designed. i hope and i believe that this template,23
i hope and i believe that this template will your,23
"and i believe that this template will your time, money",23
"believe that this template will your time, money and reputation.",23
"this template will your time, money and reputation. easy to",23
"will your time, money and reputation. easy to change colors,",23
"time, money and reputation. easy to change colors, photos and",23
"and reputation. easy to change colors, photos and text. get",23
"easy to change colors, photos and text. get a modern",23
"change colors, photos and text. get a modern powerpoint presentation",23
photos and text. get a modern powerpoint presentation that is,23
a modern powerpoint presentation that is beautifully designed. you can,23
powerpoint presentation that is beautifully designed. you can simply impress,23
that is beautifully designed. you can simply impress your audience,23
beautifully designed. you can simply impress your audience and add,23
a unique zing and appeal to your presentations. i hope,23
zing and appeal to your presentations. i hope and i,23
appeal to your presentations. i hope and i believe that,23
your presentations. i hope and i believe that this template,23
infographic style 50% 15% 35% 50% get a modern powerpoint,24
50% 15% 35% 50% get a modern powerpoint presentation that,24
35% 50% get a modern powerpoint presentation that is beautifully,24
get a modern powerpoint presentation that is beautifully designed. you,24
modern powerpoint presentation that is beautifully designed. you can simply,24
presentation that is beautifully designed. you can simply impress your,24
is beautifully designed. you can simply impress your audience and,24
designed. you can simply impress your audience and add a,24
add a unique zing and appeal to your presentations. modern,24
unique zing and appeal to your presentations. modern powerpoint presentation,24
awesome presentation we create quality professional ppt presentation you can,26
we create quality professional ppt presentation you can simply impress,26
quality professional ppt presentation you can simply impress your audience,26
ppt presentation you can simply impress your audience and add,26
a unique zing and appeal to your presentations. get a,26
zing and appeal to your presentations. get a modern powerpoint,26
appeal to your presentations. get a modern powerpoint presentation that,26
your presentations. get a modern powerpoint presentation that is beautifully,26
get a modern powerpoint presentation that is beautifully designed. easy,26
modern powerpoint presentation that is beautifully designed. easy to change,26
"presentation that is beautifully designed. easy to change colors, photos",26
"is beautifully designed. easy to change colors, photos and text.",26
"designed. easy to change colors, photos and text. i hope",26
"to change colors, photos and text. i hope and i",26
"colors, photos and text. i hope and i believe that",26
and text. i hope and i believe that this template,26
"and reputation. easy to change colors, photos and text. coffee",26
infographic style 01 you can simply impress your audience and,27
01 you can simply impress your audience and add a,27
add a unique zing and appeal to your presentations. easy,27
unique zing and appeal to your presentations. easy to change,27
"and appeal to your presentations. easy to change colors, photos.",27
"to your presentations. easy to change colors, photos. example text",27
"presentations. easy to change colors, photos. example text : get",27
"to change colors, photos. example text : get a modern",27
"colors, photos. example text : get a modern powerpoint presentation",27
a unique zing and appeal to your presentations. 02 you,27
zing and appeal to your presentations. 02 you can simply,27
appeal to your presentations. 02 you can simply impress your,27
your presentations. 02 you can simply impress your audience and,27
02 you can simply impress your audience and add a,27
a unique zing and appeal to your presentations. 03 you,27
zing and appeal to your presentations. 03 you can simply,27
appeal to your presentations. 03 you can simply impress your,27
your presentations. 03 you can simply impress your audience and,27
03 you can simply impress your audience and add a,27
a unique zing and appeal to your presentations. 04 you,27
zing and appeal to your presentations. 04 you can simply,27
appeal to your presentations. 04 you can simply impress your,27
your presentations. 04 you can simply impress your audience and,27
04 you can simply impress your audience and add a,27
infographic style coffee we create quality professional ppt presentation example,28
coffee we create quality professional ppt presentation example text :,28
create quality professional ppt presentation example text : get a,28
professional ppt presentation example text : get a modern powerpoint,28
presentation example text : get a modern powerpoint presentation that,28
text : get a modern powerpoint presentation that is beautifully,28
get a modern powerpoint presentation that is beautifully designed. i,28
modern powerpoint presentation that is beautifully designed. i hope and,28
presentation that is beautifully designed. i hope and i believe,28
is beautifully designed. i hope and i believe that this,28
designed. i hope and i believe that this template will,28
"that this template will your time, money and reputation. you",28
"template will your time, money and reputation. you can simply",28
"your time, money and reputation. you can simply impress your",28
money and reputation. you can simply impress your audience and,28
reputation. you can simply impress your audience and add a,28
"we create professional presentation lorem ipsum dolor sit amet, cu",29
"professional presentation lorem ipsum dolor sit amet, cu usu agam",29
"usu agam integre impedit. lorem ipsum dolor sit amet, power",29
"integre impedit. lorem ipsum dolor sit amet, power powerpoint presentation",29
"lorem ipsum dolor sit amet, power powerpoint presentation 2008 ~",29
"dolor sit amet, power powerpoint presentation 2008 ~ 2015 text",29
"amet, power powerpoint presentation 2008 ~ 2015 text here example",29
powerpoint presentation 2008 ~ 2015 text here example text :,29
2008 ~ 2015 text here example text : get a,29
2015 text here example text : get a modern powerpoint,29
here example text : get a modern powerpoint presentation that,29
get a modern powerpoint presentation that is beautifully designed. 2016,29
modern powerpoint presentation that is beautifully designed. 2016 ~ 2020,29
presentation that is beautifully designed. 2016 ~ 2020 text here,29
is beautifully designed. 2016 ~ 2020 text here example text,29
designed. 2016 ~ 2020 text here example text : get,29
~ 2020 text here example text : get a modern,29
text here example text : get a modern powerpoint presentation,29
: get a modern powerpoint presentation that is beautifully designed,29
content here content here chart title 80% 60% 70% infographic,31
we create professional presentation designed content here : i hope,33
professional presentation designed content here : i hope and i,33
designed content here : i hope and i believe that,33
here : i hope and i believe that this template,33
and i believe that this template will your time. content,33
believe that this template will your time. content here :,33
this template will your time. content here : i hope,33
will your time. content here : i hope and i,33
time. content here : i hope and i believe that,33
and i believe that this template will your time. allppt,33
believe that this template will your time. allppt layout clean,33
this template will your time. allppt layout clean text slide,33
will your time. allppt layout clean text slide for your,33
infographic style modern powerpoint presentation modern powerpoint presentation modern powerpoint,34
modern powerpoint presentation modern powerpoint presentation modern powerpoint presentation example,34
presentation modern powerpoint presentation modern powerpoint presentation example text :,34
powerpoint presentation modern powerpoint presentation example text : get a,34
modern powerpoint presentation example text : get a modern powerpoint,34
add a unique zing and appeal to your presentations. 01,34
unique zing and appeal to your presentations. 01 example text,34
and appeal to your presentations. 01 example text : get,34
to your presentations. 01 example text : get a modern,34
presentations. 01 example text : get a modern powerpoint presentation,34
a unique zing and appeal to your presentations. 02 example,34
zing and appeal to your presentations. 02 example text :,34
appeal to your presentations. 02 example text : get a,34
your presentations. 02 example text : get a modern powerpoint,34
02 example text : get a modern powerpoint presentation that,34
add a unique zing and appeal to your presentations. 03,34
infographic style example text : get a modern powerpoint presentation,35
"this template will your time, money and reputation. contents_here 01",35
"will your time, money and reputation. contents_here 01 example text",35
"time, money and reputation. contents_here 01 example text : get",35
and reputation. contents_here 01 example text : get a modern,35
contents_here 01 example text : get a modern powerpoint presentation,35
"this template will your time, money and reputation. contents_here 02",35
"will your time, money and reputation. contents_here 02 example text",35
"time, money and reputation. contents_here 02 example text : get",35
and reputation. contents_here 02 example text : get a modern,35
contents_here 02 example text : get a modern powerpoint presentation,35
"this template will your time, money and reputation. contents_here 03",35
"will your time, money and reputation. contents_here 03 example text",35
"time, money and reputation. contents_here 03 example text : get",35
and reputation. contents_here 03 example text : get a modern,35
contents_here 03 example text : get a modern powerpoint presentation,35
"this template will your time, money and reputation. contents_here 04",35
infographic style get a modern powerpoint presentation that is beautifully,36
hope and i believe that this template will your time.,36
i believe that this template will your time. 80% text,36
that this template will your time. 80% text allppt layout,36
template will your time. 80% text allppt layout clean text,36
your time. 80% text allppt layout clean text slide for,36
80% text allppt layout clean text slide for your presentation,36
infographic style contents 40% contents 60% contents 50% contents 70%,37
portfolio presentation you can simply impress your audience and add,39
"your presentations. easy to change colors, photos and text. get",39
a modern powerpoint presentation that is beautifully designed. modern portfolio,39
i believe that this template will your time. allppt layout,40
that this template will your time. allppt layout clean text,40
template will your time. allppt layout clean text slide for,40
your time. allppt layout clean text slide for your presentation,40
infographic style 01 02 03 04 05 your contents here,41
01 02 03 04 05 your contents here your contents,41
03 04 05 your contents here your contents here your,41
05 your contents here your contents here your contents here,41
contents here your contents here your contents here your contents,41
your contents here your contents here your contents here your,41
here your contents here your contents here your contents here,41
"01 easy to change colors, photos and text. get a",42
"to change colors, photos and text. get a modern powerpoint",42
"colors, photos and text. get a modern powerpoint presentation that",42
and text. get a modern powerpoint presentation that is beautifully,42
"reputation. easy to change colors, photos and text. you can",42
"to change colors, photos and text. you can simply impress",42
"colors, photos and text. you can simply impress your audience",42
and text. you can simply impress your audience and add,42
"designed. easy to change colors, photos and text. 02 easy",42
"to change colors, photos and text. 02 easy to change",42
"colors, photos and text. 02 easy to change colors, photos",42
"and text. 02 easy to change colors, photos and text.",42
"02 easy to change colors, photos and text. get a",42
"designed. easy to change colors, photos and text. columns layout",42
"to change colors, photos and text. columns layout allppt layout",42
"colors, photos and text. columns layout allppt layout clean text",42
and text. columns layout allppt layout clean text slide for,42
columns layout allppt layout clean text slide for your presentation,42
columns layout this powerpoint template has clean and neutral design,43
this powerpoint template has clean and neutral design that can,43
template has clean and neutral design that can be adapted,43
clean and neutral design that can be adapted to any,43
neutral design that can be adapted to any content and,43
that can be adapted to any content and meets various,43
be adapted to any content and meets various market segments.,43
